code,web_name,short_name,position,price,season_points,proj_pgw,proj_season,proj_next6_pgw,value,exp_mins_gw,starts,penalties_order,direct_freekicks_order,corners_and_indirect_freekicks_order,attack_pts,cs_pts,defcon_pts,save_pts,bonus_pts,appearance_pts,conceded_pts,card_pts,xg90,xa90,dc90,cs_prob,fdr_next6,selected_by_percent,status,flags
223094,Haaland,MCI,FWD,15.5,2,5.863,222.806,5.863,0.378,77.711,34.0,1.0,,,2.922,0.0,0.0,0.0,0.88,1.828,0.295,-0.062,0.729,0.076,3.383,0.382,3.0,67.9,a,PEN
141746,B.Fernandes,MUN,MID,12.0,2,5.825,221.355,5.847,0.485,80.658,35.0,1.0,1.0,1.0,2.387,0.257,0.264,0.0,0.807,1.898,0.346,-0.134,0.286,0.322,8.35,0.271,2.833,48.4,a,PEN
226597,Gabriel,ARS,DEF,8.0,5,5.176,196.678,5.176,0.647,72.368,30.0,,,,0.652,1.687,0.664,0.0,0.582,1.703,0.0,-0.111,0.089,0.057,8.827,0.495,3.0,29.2,a,
502500,Thiago,BRE,FWD,8.0,0,5.131,194.99,5.112,0.641,86.368,37.0,1.0,,,2.312,0.0,0.026,0.0,0.498,2.0,0.469,-0.175,0.554,0.05,5.646,0.252,3.167,16.7,a,PEN
215379,Anderson,MCI,MID,6.4,2,5.011,190.431,5.011,0.783,87.684,37.0,,,2.0,0.862,0.382,1.294,0.0,0.344,2.0,0.332,-0.202,0.087,0.129,13.002,0.382,3.0,6.1,a,NEW-CLUB
97032,Virgil,LIV,DEF,6.5,2,4.98,189.244,4.997,0.766,90.0,38.0,,,,0.784,1.255,0.834,0.0,0.222,2.0,0.0,-0.115,0.093,0.04,9.035,0.314,2.833,19.6,a,
437730,Semenyo,MCI,MID,8.5,2,4.907,186.454,4.907,0.577,84.211,37.0,3.0,,,1.935,0.379,0.093,0.0,0.379,1.981,0.319,-0.179,0.283,0.094,6.846,0.382,3.0,24.3,a,
209036,Guéhi,MCI,DEF,6.0,10,4.889,185.766,4.889,0.815,82.895,35.0,,,,0.78,1.491,0.531,0.0,0.294,1.95,0.0,-0.158,0.106,0.065,7.91,0.382,3.0,19.4,a,
221466,Senesi,TOT,DEF,6.0,3,4.835,183.723,4.835,0.806,86.526,37.0,,,,0.544,0.902,1.296,0.0,0.296,2.0,0.0,-0.204,0.044,0.118,10.893,0.226,3.0,7.6,a,NEW-CLUB
154561,Raya,ARS,GK,6.0,6,4.774,181.404,4.774,0.796,87.632,37.0,,,,0.003,1.981,0.0,0.588,0.234,2.0,0.0,-0.033,0.0,0.002,0.0,0.495,3.0,38.3,a,
222531,Gibbs-White,NFO,MID,8.0,2,4.724,179.524,4.724,0.591,81.605,35.0,2.0,1.0,,1.757,0.218,0.025,0.0,0.377,1.92,0.473,-0.046,0.284,0.091,5.619,0.227,3.0,8.6,a,
204480,Rice,ARS,MID,7.5,3,4.684,177.992,4.684,0.625,81.395,35.0,,1.0,1.0,1.072,0.474,0.682,0.0,0.471,1.915,0.16,-0.09,0.098,0.199,10.456,0.495,3.0,17.0,a,
17761,Tarkowski,EVE,DEF,6.0,6,4.668,177.381,4.681,0.778,87.632,37.0,,,,0.547,1.034,1.032,0.0,0.259,2.0,0.0,-0.204,0.067,0.056,9.792,0.259,2.833,8.7,a,
448047,Enzo,CHE,MID,7.0,1,4.651,176.724,4.651,0.664,81.947,35.0,2.0,2.0,3.0,1.766,0.243,0.121,0.0,0.396,1.928,0.441,-0.244,0.294,0.196,7.198,0.252,3.0,4.5,a,
232928,Garner,EVE,MID,6.0,1,4.535,172.346,4.544,0.756,89.816,38.0,3.0,1.0,1.0,0.829,0.259,0.951,0.0,0.288,2.0,0.502,-0.293,0.067,0.157,11.461,0.259,2.833,0.1,a,
424876,Szoboszlai,LIV,MID,7.0,8,4.441,168.773,4.454,0.634,85.053,36.0,1.0,1.0,1.0,1.202,0.314,0.43,0.0,0.436,2.0,0.327,-0.268,0.132,0.18,9.184,0.314,2.833,43.2,a,PEN
437499,Lacroix,CHE,DEF,6.0,6,4.439,168.688,4.439,0.74,81.184,35.0,,,,0.404,0.962,1.105,0.0,0.237,1.91,0.0,-0.179,0.069,0.029,10.296,0.252,3.0,9.5,a,NEW-CLUB
475168,João Pedro,CHE,FWD,7.6,11,4.437,168.602,4.437,0.584,69.947,31.0,,,,1.909,0.0,0.005,0.0,0.626,1.646,0.376,-0.126,0.503,0.063,4.628,0.252,3.0,67.8,a,
244850,Rogers,CHE,MID,7.5,8,4.418,167.89,4.418,0.589,86.316,37.0,,,4.0,1.448,0.252,0.072,0.0,0.362,2.0,0.464,-0.18,0.179,0.12,6.566,0.252,3.0,26.1,a,NEW-CLUB
178301,Watkins,AVL,FWD,7.9,0,4.409,167.554,4.409,0.558,74.553,33.0,2.0,,,1.83,0.0,0.0,0.0,0.56,1.754,0.37,-0.105,0.49,0.04,3.239,0.239,3.0,8.0,a,
465642,Thiaw,NEW,DEF,5.0,3,4.367,165.964,4.382,0.873,77.974,33.0,,,,0.697,1.015,0.679,0.0,0.254,1.835,0.0,-0.113,0.131,0.033,8.679,0.277,2.833,1.7,a,
494521,Truffert,BOU,DEF,5.5,1,4.365,165.873,4.313,0.794,88.895,38.0,,,,0.519,1.03,0.561,0.0,0.393,2.0,0.0,-0.137,0.039,0.078,7.977,0.257,3.667,4.2,a,
469142,Van Hecke,TOT,DEF,5.0,1,4.223,160.483,4.223,0.845,84.474,36.0,,,,0.638,0.897,0.743,0.0,0.182,1.988,0.0,-0.225,0.087,0.046,8.706,0.226,3.0,9.7,a,NEW-CLUB
484420,E.Le Fée,SUN,MID,6.0,2,4.223,160.47,4.223,0.704,77.105,33.0,2.0,2.0,1.0,1.109,0.238,0.447,0.0,0.337,1.814,0.411,-0.133,0.155,0.173,9.486,0.263,3.0,8.8,a,
200720,Kelleher,BRE,GK,5.0,7,4.172,158.552,4.164,0.834,87.632,37.0,,,,0.009,1.01,0.0,0.952,0.234,2.0,0.0,-0.033,0.0,0.005,0.0,0.252,3.167,6.5,a,
472769,O'Reilly,MCI,DEF,6.5,2,4.135,157.136,4.135,0.636,69.553,29.0,,,,1.005,1.251,0.162,0.0,0.213,1.637,0.0,-0.132,0.18,0.084,6.205,0.382,3.0,20.9,a,
199798,Konsa,ARS,DEF,4.5,0,4.133,157.073,4.133,0.919,79.868,34.0,,,,0.221,1.862,0.175,0.0,0.087,1.879,0.0,-0.091,0.041,0.023,6.13,0.495,3.0,10.9,a,NEW-CLUB
177815,Calvert-Lewin,LEE,FWD,6.0,1,4.079,154.986,4.064,0.68,71.605,30.0,1.0,,,1.701,0.0,0.001,0.0,0.446,1.685,0.329,-0.083,0.511,0.038,3.646,0.251,3.167,28.8,a,PEN
489639,Verbruggen,BHA,GK,4.5,6,4.076,154.87,4.076,0.906,90.0,38.0,,,,0.003,1.077,0.0,0.934,0.14,2.0,0.0,-0.078,0.0,0.002,0.0,0.269,3.0,21.5,a,
498016,Roefs,SUN,GK,5.0,1,4.075,154.846,4.075,0.815,82.895,35.0,,,,0.004,1.024,0.0,0.944,0.251,1.95,0.0,-0.099,0.0,0.003,0.0,0.263,3.0,4.0,a,
111234,Pickford,EVE,GK,5.5,7,4.067,154.528,4.075,0.739,90.0,38.0,,,,0.009,1.034,0.0,0.889,0.235,2.0,0.0,-0.1,0.0,0.005,0.0,0.259,2.833,8.8,a,
172649,Henderson,CRY,GK,5.0,2,4.064,154.423,4.064,0.813,87.632,37.0,,,,0.005,1.093,0.0,0.93,0.158,2.0,0.0,-0.122,0.0,0.003,0.0,0.273,3.0,1.8,a,
67089,Dubravka,TOT,GK,4.0,0,4.033,153.272,4.033,1.008,82.895,35.0,,,,0.002,0.88,0.0,1.076,0.157,1.95,0.0,-0.033,0.0,0.001,0.0,0.226,3.0,18.6,a,"NEW-CLUB, GK-RISK"
446008,Mbeumo,MUN,MID,8.0,2,4.03,153.148,4.046,0.504,68.711,31.0,2.0,2.0,2.0,1.663,0.219,0.015,0.0,0.33,1.617,0.295,-0.109,0.36,0.163,5.383,0.271,2.833,36.0,a,
457569,Petrović,BOU,GK,4.5,2,4.029,153.114,3.995,0.895,90.0,38.0,,,,0.0,1.03,0.0,0.956,0.121,2.0,0.0,-0.078,0.0,0.0,0.0,0.257,3.667,3.3,a,
503139,Scott,BOU,MID,6.0,2,4.027,153.029,3.996,0.671,74.947,34.0,,4.0,2.0,0.702,0.227,0.839,0.0,0.206,1.763,0.423,-0.132,0.122,0.099,11.46,0.257,3.667,1.5,a,
432830,Collins,BRE,DEF,5.5,6,4.013,152.477,4.001,0.73,78.184,32.0,,,,0.42,0.929,0.841,0.0,0.161,1.84,0.0,-0.178,0.066,0.052,9.34,0.252,3.167,2.1,a,
199598,Ampadu,LEE,MID,5.5,5,4.006,152.242,4.0,0.728,82.079,35.0,,,,0.56,0.243,0.893,0.0,0.246,1.931,0.378,-0.245,0.081,0.074,11.351,0.251,3.167,1.4,a,
201658,Tavernier,BOU,MID,6.0,10,4.0,152.015,3.949,0.667,71.895,31.0,3.0,1.0,1.0,1.326,0.218,0.216,0.0,0.296,1.692,0.406,-0.153,0.268,0.147,8.213,0.257,3.667,2.3,a,
204936,Donnarumma,MCI,GK,5.5,3,3.993,151.729,3.993,0.726,80.526,34.0,,,,0.006,1.448,0.0,0.712,0.119,1.895,0.0,-0.186,0.0,0.003,0.0,0.382,3.0,8.3,a,
445122,J.Timber,ARS,DEF,6.5,0,3.99,151.606,3.99,0.614,64.526,28.0,,,,0.79,1.504,0.116,0.0,0.192,1.518,0.0,-0.13,0.15,0.056,5.885,0.495,3.0,0.1,i,
465351,Matheus N.,MCI,DEF,6.0,1,3.968,150.783,3.968,0.661,75.289,32.0,5.0,,,0.446,1.354,0.204,0.0,0.327,1.772,0.0,-0.134,0.019,0.067,6.412,0.382,3.0,1.5,d,DOUBT-75%
80201,Leno,FUL,GK,4.5,2,3.947,149.996,3.931,0.877,90.0,38.0,,,,0.001,0.972,0.0,0.874,0.178,2.0,0.0,-0.078,0.0,0.001,0.0,0.243,3.333,3.0,a,
200834,Mukiele,SUN,DEF,5.5,0,3.942,149.814,3.942,0.717,73.263,32.0,,,,0.586,0.905,0.628,0.0,0.233,1.724,0.0,-0.133,0.053,0.08,8.632,0.263,3.0,2.5,a,
427623,Richards,CRY,DEF,5.0,3,3.932,149.399,3.932,0.786,74.342,31.0,,,,0.373,0.956,0.843,0.0,0.123,1.749,0.0,-0.112,0.074,0.05,9.527,0.273,3.0,0.7,a,
215136,N.Williams,NFO,DEF,5.0,2,3.901,148.242,3.901,0.78,84.289,36.0,,2.0,1.0,0.577,0.902,0.35,0.0,0.314,1.983,0.0,-0.225,0.057,0.102,7.066,0.227,3.0,9.1,a,
462424,Saliba,ARS,DEF,6.0,0,3.889,147.768,3.889,0.648,68.789,30.0,,,,0.235,1.603,0.25,0.0,0.249,1.619,0.0,-0.067,0.035,0.044,6.849,0.495,3.0,0.3,i,
440993,Ndiaye,EVE,MID,6.0,9,3.884,147.596,3.895,0.647,73.184,32.0,1.0,,,1.099,0.223,0.33,0.0,0.168,1.722,0.409,-0.067,0.201,0.14,8.945,0.259,2.833,16.1,a,PEN
244723,Mitchell,CRY,DEF,4.5,1,3.875,147.242,3.875,0.861,85.605,36.0,,,,0.434,1.093,0.324,0.0,0.183,2.0,0.0,-0.159,0.046,0.067,6.927,0.273,3.0,5.6,a,
153682,Wilson,LEE,MID,6.5,3,3.864,146.821,3.85,0.594,70.368,32.0,,,2.0,1.38,0.208,0.047,0.0,0.423,1.656,0.324,-0.174,0.186,0.154,6.324,0.251,3.167,5.7,a,NEW-CLUB
208706,Bruno G.,ARS,MID,6.9,0,3.855,146.504,3.855,0.559,64.632,27.0,4.0,,5.0,1.254,0.377,0.293,0.0,0.434,1.521,0.127,-0.15,0.19,0.171,8.954,0.495,3.0,2.8,d,"NEW-CLUB, DOUBT-75%"
222694,Struijk,BHA,DEF,5.0,0,3.854,146.465,3.854,0.771,77.237,33.0,,,,0.368,0.979,0.72,0.0,0.105,1.817,0.0,-0.134,0.088,0.028,8.875,0.269,3.0,0.2,a,NEW-CLUB
551226,Fernandes,TOT,MID,6.0,1,3.838,145.844,3.838,0.64,79.395,35.0,,,,0.643,0.211,0.675,0.0,0.17,1.868,0.448,-0.177,0.071,0.095,10.502,0.226,3.0,1.7,a,NEW-CLUB
106611,Keane,EVE,DEF,5.0,0,3.806,144.637,3.817,0.761,68.105,29.0,,,,0.444,0.829,0.865,0.0,0.176,1.602,0.0,-0.11,0.076,0.024,9.982,0.259,2.833,1.4,a,
174874,Andersen,FUL,DEF,5.0,0,3.799,144.369,3.78,0.76,75.842,33.0,,,,0.281,0.867,0.931,0.0,0.179,1.785,0.0,-0.243,0.047,0.057,9.837,0.243,3.333,0.1,a,
201895,Alderete,SUN,DEF,5.0,1,3.777,143.533,3.777,0.755,73.605,32.0,,,,0.31,0.909,0.858,0.0,0.123,1.732,0.0,-0.155,0.053,0.034,9.632,0.263,3.0,0.5,a,
215413,Dewsbury-Hall,EVE,MID,6.5,11,3.772,143.331,3.783,0.58,69.184,30.0,,,2.0,1.163,0.21,0.169,0.0,0.367,1.628,0.387,-0.152,0.145,0.172,7.889,0.259,2.833,4.6,a,
513418,Schade,BRE,MID,6.0,3,3.772,143.318,3.757,0.629,72.211,32.0,2.0,,,1.493,0.214,0.06,0.0,0.131,1.699,0.392,-0.218,0.349,0.078,6.541,0.252,3.167,3.5,a,
215059,Sánchez,CHE,GK,5.0,2,3.73,141.74,3.73,0.746,80.0,35.0,,,,0.028,0.948,0.0,0.858,0.156,1.882,0.0,-0.142,0.0,0.001,0.0,0.252,3.0,2.3,a,
441266,Gravenberch,LIV,MID,6.0,5,3.719,141.331,3.728,0.62,78.711,34.0,,,,0.722,0.291,0.329,0.0,0.356,1.852,0.302,-0.133,0.069,0.078,8.798,0.314,2.833,2.0,a,
444765,Van den Berg,BRE,DEF,5.0,0,3.686,140.08,3.675,0.737,72.658,30.0,,,,0.466,0.863,0.63,0.0,0.086,1.71,0.0,-0.068,0.1,0.048,8.665,0.252,3.167,0.1,i,
84450,Xhaka,SUN,MID,5.5,9,3.683,139.972,3.683,0.67,76.342,32.0,,1.0,2.0,0.57,0.236,0.685,0.0,0.188,1.796,0.407,-0.198,0.048,0.118,10.67,0.263,3.0,4.6,a,
465247,Lammens,MUN,GK,5.0,1,3.681,139.892,3.689,0.736,75.789,32.0,,,,0.0,0.967,0.0,0.712,0.229,1.783,0.0,-0.01,0.0,0.0,0.0,0.271,2.833,15.6,a,
214225,Rodon,LEE,DEF,4.5,6,3.663,139.205,3.653,0.814,77.684,33.0,,,,0.308,0.919,0.575,0.0,0.124,1.828,0.0,-0.091,0.045,0.023,8.249,0.251,3.167,3.6,a,
223340,Saka,ARS,MID,9.5,9,3.658,139.019,3.658,0.385,58.368,25.0,1.0,2.0,2.0,1.425,0.34,0.115,0.0,0.354,1.373,0.115,-0.064,0.27,0.256,7.571,0.495,3.0,10.4,a,PEN
227444,Milenković,NFO,DEF,5.5,2,3.633,138.039,3.633,0.66,88.816,37.0,,,,0.193,0.91,0.619,0.0,0.07,2.0,0.0,-0.16,0.027,0.023,8.209,0.227,3.0,1.8,a,
98980,Martinez,AVL,GK,5.0,0,3.626,137.793,3.626,0.725,74.605,32.0,,,,0.03,0.841,0.0,0.826,0.228,1.755,0.0,-0.054,0.0,0.002,0.0,0.239,3.0,4.1,a,
607464,Kayode,BRE,DEF,4.6,13,3.619,137.518,3.607,0.787,85.737,37.0,,,,0.397,1.01,0.214,0.0,0.202,2.0,0.0,-0.203,0.039,0.076,6.312,0.252,3.167,7.4,a,
481655,Zubimendi,ARS,MID,5.5,1,3.61,137.183,3.61,0.656,78.711,34.0,,,,0.68,0.459,0.369,0.0,0.207,1.852,0.155,-0.111,0.093,0.078,9.024,0.495,3.0,1.0,a,
243298,Gakpo,LIV,MID,7.0,12,3.608,137.087,3.621,0.515,72.0,32.0,3.0,,2.0,1.309,0.266,0.019,0.0,0.131,1.694,0.276,-0.088,0.249,0.149,5.532,0.314,2.833,6.1,a,
430871,Cunha,MUN,MID,8.0,2,3.603,136.924,3.615,0.45,65.605,29.0,,,,1.246,0.209,0.14,0.0,0.291,1.544,0.282,-0.108,0.226,0.122,7.683,0.271,2.833,9.4,a,
180736,Chalobah,CHE,DEF,5.5,0,3.579,135.99,3.579,0.651,73.158,31.0,,,,0.404,0.866,0.582,0.0,0.16,1.721,0.0,-0.155,0.049,0.037,8.429,0.252,3.0,0.1,u,
444102,Evanilson,BOU,FWD,6.0,4,3.553,135.01,3.509,0.592,72.132,32.0,,,,1.317,0.0,0.004,0.0,0.19,1.697,0.407,-0.061,0.375,0.049,4.433,0.257,3.667,2.9,a,
231416,F.Kadıoğlu,BHA,DEF,4.5,0,3.549,134.863,3.549,0.789,82.368,34.0,,,3.0,0.473,1.044,0.09,0.0,0.163,1.938,0.0,-0.158,0.059,0.088,5.346,0.269,3.0,2.3,a,
444180,Anthony,BRE,MID,6.0,1,3.525,133.934,3.514,0.587,71.5,32.0,,,,1.045,0.212,0.158,0.0,0.149,1.682,0.388,-0.109,0.162,0.1,7.734,0.252,3.167,0.2,a,NEW-CLUB
448089,Gomes,AVL,MID,5.5,-2,3.509,133.348,3.509,0.638,74.447,32.0,,,,0.417,0.21,0.851,0.0,0.15,1.752,0.369,-0.241,0.057,0.077,11.55,0.239,3.0,0.1,s,NEW-CLUB
533463,O.Dango,BRE,MID,6.5,3,3.502,133.08,3.49,0.539,59.763,25.0,,,2.0,1.291,0.177,0.108,0.0,0.321,1.406,0.325,-0.127,0.276,0.156,7.462,0.252,3.167,1.1,a,
486672,Caicedo,CHE,MID,5.5,0,3.491,132.648,3.491,0.635,73.579,32.0,,,,0.499,0.218,0.75,0.0,0.223,1.731,0.396,-0.327,0.061,0.085,11.106,0.252,3.0,3.0,d,DOUBT-75%
106760,Shaw,MUN,DEF,4.5,1,3.47,131.845,3.481,0.771,84.737,38.0,,,3.0,0.288,1.081,0.243,0.0,0.088,1.994,0.0,-0.225,0.026,0.055,6.493,0.271,2.833,19.7,a,
487676,Hume,SUN,DEF,4.5,2,3.448,131.006,3.448,0.766,79.789,34.0,,,3.0,0.464,0.986,0.2,0.0,0.143,1.877,0.0,-0.223,0.066,0.06,6.308,0.263,3.0,6.4,a,
512462,O'Brien,EVE,DEF,5.0,0,3.447,130.987,3.458,0.689,82.053,35.0,,,,0.376,0.998,0.297,0.0,0.069,1.931,0.0,-0.224,0.05,0.033,6.84,0.259,2.833,0.4,a,
491279,Van de Ven,TOT,DEF,5.0,0,3.442,130.788,3.442,0.688,80.026,35.0,,,,0.547,0.85,0.233,0.0,0.218,1.883,0.0,-0.289,0.079,0.018,6.515,0.226,3.0,4.3,a,
50175,Welbeck,CHE,FWD,6.0,0,3.42,129.961,3.42,0.57,59.184,26.0,,,,1.433,0.0,0.003,0.0,0.394,1.393,0.318,-0.121,0.495,0.055,4.472,0.252,3.0,1.0,a,NEW-CLUB
494595,Wirtz,LIV,MID,7.5,2,3.399,129.168,3.41,0.453,62.474,27.0,4.0,2.0,3.0,1.087,0.231,0.074,0.0,0.342,1.47,0.24,-0.044,0.233,0.181,6.932,0.314,2.833,11.5,a,
466525,Stach,LEE,MID,6.0,13,3.394,128.962,3.385,0.566,62.342,28.0,,1.0,1.0,0.863,0.184,0.391,0.0,0.288,1.467,0.287,-0.086,0.114,0.161,9.671,0.251,3.167,2.3,a,
496221,Wharton,CRY,MID,5.5,4,3.393,128.944,3.393,0.617,67.158,29.0,,,1.0,0.733,0.216,0.509,0.0,0.183,1.58,0.344,-0.172,0.068,0.237,10.166,0.273,3.0,0.9,a,
247632,Neto,CHE,MID,6.5,1,3.392,128.891,3.392,0.522,69.184,30.0,,4.0,2.0,1.107,0.205,0.007,0.0,0.203,1.628,0.372,-0.13,0.152,0.214,4.879,0.252,3.0,1.2,a,
231747,Mateta,CRY,FWD,6.5,2,3.388,128.747,3.388,0.521,58.158,25.0,1.0,,,1.469,0.0,0.007,0.0,0.305,1.368,0.298,-0.059,0.567,0.053,4.95,0.273,3.0,5.3,a,PEN
199796,Cash,AVL,DEF,4.5,-1,3.361,127.723,3.361,0.747,79.368,34.0,,,1.0,0.514,0.894,0.146,0.0,0.162,1.867,0.0,-0.223,0.038,0.082,5.913,0.239,3.0,7.7,a,
184254,Vicario,TOT,GK,4.5,0,3.35,127.285,3.35,0.744,73.421,31.0,,,,0.002,0.779,0.0,0.737,0.135,1.728,0.0,-0.032,0.0,0.001,0.0,0.226,3.0,0.2,u,
247348,Muñoz,CRY,DEF,5.5,0,3.344,127.067,3.344,0.608,63.158,29.0,,,,0.706,0.812,0.32,0.0,0.191,1.486,0.0,-0.172,0.085,0.129,7.427,0.273,3.0,8.4,a,
232185,Sarr,CRY,MID,6.4,0,3.275,124.438,3.275,0.512,57.184,24.0,2.0,,,1.289,0.184,0.032,0.0,0.195,1.346,0.293,-0.064,0.383,0.065,6.168,0.273,3.0,2.7,i,
216051,Dalot,MUN,DEF,5.0,1,3.274,124.407,3.286,0.655,68.658,29.0,,,,0.522,0.876,0.197,0.0,0.194,1.615,0.0,-0.132,0.065,0.082,6.495,0.271,2.833,2.5,a,
83299,Dunk,BHA,DEF,4.5,6,3.27,124.258,3.27,0.727,74.658,31.0,,3.0,,0.314,0.946,0.373,0.0,0.123,1.757,0.0,-0.242,0.058,0.024,7.399,0.269,3.0,1.2,a,
85633,Sels,NFO,GK,5.0,2,3.249,123.458,3.249,0.65,70.184,30.0,,,,0.003,0.751,0.0,0.817,0.08,1.651,0.0,-0.053,0.0,0.002,0.0,0.227,3.0,1.5,a,
224967,Mykolenko,EVE,DEF,4.5,6,3.246,123.345,3.256,0.721,77.868,33.0,,,,0.216,0.947,0.338,0.0,0.068,1.832,0.0,-0.156,0.017,0.071,7.146,0.259,2.833,1.6,a,
223827,Ballard,SUN,DEF,5.0,0,3.24,123.136,3.24,0.648,56.421,24.0,,,,0.42,0.697,0.777,0.0,0.186,1.328,0.0,-0.168,0.093,0.032,10.35,0.263,3.0,5.1,a,
441164,Pedro Porro,TOT,DEF,5.5,0,3.219,122.318,3.219,0.585,73.5,32.0,,1.0,1.0,0.453,0.78,0.32,0.0,0.178,1.729,0.0,-0.241,0.038,0.125,7.15,0.226,3.0,13.6,a,
224117,Gyökeres,ARS,FWD,7.4,0,3.202,121.672,3.202,0.433,58.342,26.0,2.0,,,1.477,0.0,0.001,0.0,0.358,1.373,0.115,-0.121,0.497,0.073,3.66,0.495,3.0,6.9,a,
226182,Bogle,LEE,DEF,4.5,6,3.186,121.076,3.174,0.708,73.553,32.0,,,,0.536,0.87,0.156,0.0,0.049,1.731,0.0,-0.155,0.065,0.092,6.086,0.251,3.167,0.6,a,
508395,Yarmoliuk,BRE,MID,5.0,1,3.175,120.65,3.17,0.635,69.789,30.0,,,,0.407,0.207,0.656,0.0,0.057,1.642,0.379,-0.173,0.058,0.062,10.822,0.252,3.167,1.2,a,
427637,Aaronson,LEE,MID,5.5,3,3.157,119.966,3.147,0.574,64.447,30.0,,3.0,,0.948,0.191,0.163,0.0,0.128,1.516,0.296,-0.086,0.159,0.131,7.942,0.251,3.167,0.9,a,
98747,Pope,NEW,GK,5.0,0,3.155,119.883,3.162,0.631,63.579,27.0,,,,0.046,0.827,0.0,0.76,0.078,1.496,0.0,-0.052,0.005,0.0,0.0,0.277,2.833,1.3,a,
592031,Minteh,BHA,MID,6.0,0,3.083,117.148,3.083,0.514,62.868,26.0,,,5.0,0.911,0.199,0.091,0.0,0.199,1.479,0.289,-0.086,0.141,0.178,7.168,0.269,3.0,0.1,i,
482973,Igor Jesus,NFO,FWD,6.0,2,3.054,116.041,3.054,0.509,60.342,28.0,3.0,,,1.031,0.0,0.005,0.0,0.307,1.42,0.35,-0.059,0.304,0.05,4.746,0.227,3.0,3.8,a,
207189,Berge,FUL,MID,5.0,2,3.046,115.739,3.036,0.609,76.421,34.0,,,,0.395,0.218,0.281,0.0,0.095,1.798,0.391,-0.133,0.062,0.06,8.554,0.243,3.333,0.4,a,
243016,Mac Allister,LIV,MID,5.5,1,3.045,115.711,3.053,0.554,69.842,31.0,5.0,,,0.685,0.258,0.161,0.0,0.203,1.643,0.268,-0.173,0.132,0.07,7.801,0.314,2.833,1.6,a,
116535,A.Becker,LIV,GK,5.5,2,3.027,115.015,3.034,0.55,61.579,26.0,,,,0.002,0.909,0.0,0.531,0.167,1.449,0.0,-0.031,0.0,0.001,0.0,0.314,2.833,3.8,a,
493250,Amad,MUN,MID,5.9,0,3.02,114.768,3.029,0.512,61.553,27.0,,,4.0,0.882,0.196,0.131,0.0,0.163,1.448,0.264,-0.065,0.194,0.171,7.688,0.271,2.833,1.0,d,DOUBT-75%
232892,Bassey,FUL,DEF,4.5,0,3.01,114.373,2.992,0.669,66.632,28.0,,,,0.29,0.762,0.328,0.0,0.193,1.568,0.0,-0.131,0.06,0.02,7.373,0.243,3.333,0.8,a,
153133,Iwobi,FUL,MID,5.5,2,2.98,113.245,2.966,0.542,63.684,29.0,3.0,1.0,1.0,0.696,0.182,0.093,0.0,0.271,1.498,0.326,-0.086,0.083,0.165,7.184,0.243,3.333,1.0,a,
463981,Hill,BOU,DEF,5.5,1,2.959,112.433,2.928,0.538,55.316,22.0,,,,0.248,0.67,0.766,0.0,0.099,1.302,0.0,-0.126,0.042,0.051,10.378,0.257,3.667,0.9,a,
243526,Gudmundsson,LEE,DEF,4.5,0,2.928,111.27,2.919,0.651,69.395,31.0,,,,0.266,0.821,0.207,0.0,0.176,1.633,0.0,-0.175,0.041,0.09,6.55,0.251,3.167,0.0,i,
514254,Gomez,BHA,MID,5.0,6,2.9,110.215,2.9,0.58,55.711,26.0,,5.0,,0.825,0.176,0.345,0.0,0.194,1.311,0.256,-0.207,0.236,0.085,9.641,0.269,3.0,3.8,a,
244851,Palmer,CHE,MID,9.5,13,2.836,107.755,2.836,0.298,51.421,24.0,1.0,3.0,,1.323,0.152,0.046,0.0,0.225,0.935,0.277,-0.122,0.402,0.117,6.627,0.252,3.0,15.6,a,PEN
171314,Rúben,MCI,DEF,5.5,2,2.832,107.599,2.832,0.515,56.289,24.0,,,,0.232,1.012,0.25,0.0,0.099,1.324,0.0,-0.085,0.031,0.033,7.182,0.382,3.0,1.8,a,
432422,Tonali,TOT,MID,5.5,2,2.809,106.751,2.809,0.511,66.684,31.0,,5.0,2.0,0.426,0.177,0.295,0.0,0.075,1.569,0.376,-0.108,0.075,0.107,8.904,0.226,3.0,3.8,a,NEW-CLUB
467779,Wieffer,BHA,DEF,5.0,7,2.794,106.181,2.794,0.559,50.026,23.0,,,,0.462,0.634,0.841,0.0,0.13,0.91,0.0,-0.183,0.083,0.08,11.536,0.269,3.0,0.4,a,
78916,Burn,NEW,DEF,5.0,0,2.785,105.829,2.794,0.557,57.763,25.0,,,,0.285,0.752,0.544,0.0,0.117,1.359,0.0,-0.272,0.047,0.023,8.906,0.277,2.833,1.7,i,
209244,Foden,MCI,MID,7.0,1,2.784,105.803,2.784,0.398,54.684,23.0,,3.0,3.0,1.1,0.246,0.078,0.0,0.263,0.994,0.207,-0.104,0.232,0.188,7.16,0.382,3.0,4.1,a,
577669,Sadiki,SUN,MID,5.0,2,2.781,105.671,2.781,0.556,76.079,33.0,,,,0.36,0.235,0.171,0.0,0.039,1.79,0.405,-0.22,0.059,0.059,7.761,0.263,3.0,0.3,a,
207283,Jensen,BRE,MID,5.5,6,2.768,105.193,2.761,0.503,58.921,26.0,3.0,2.0,1.0,0.688,0.175,0.229,0.0,0.055,1.386,0.32,-0.085,0.098,0.219,8.656,0.252,3.167,0.2,a,
510663,Ekitiké,LIV,FWD,7.5,0,2.767,105.156,2.778,0.369,47.289,21.0,,,,1.299,0.0,0.002,0.0,0.442,0.86,0.182,-0.017,0.503,0.105,4.301,0.314,2.833,0.1,i,
440089,Damsgaard,BRE,MID,5.5,1,2.751,104.549,2.744,0.5,53.842,24.0,,3.0,3.0,0.765,0.16,0.384,0.0,0.193,0.979,0.292,-0.022,0.118,0.213,10.002,0.252,3.167,0.5,a,
466052,Cherki,MCI,MID,7.5,8,2.734,103.873,2.734,0.364,46.632,19.0,,1.0,1.0,1.172,0.21,0.065,0.0,0.303,0.848,0.177,-0.041,0.195,0.368,7.135,0.382,3.0,10.5,a,
212319,Richarlison,TOT,FWD,6.0,2,2.723,103.462,2.723,0.454,51.421,20.0,4.0,,,1.219,0.0,0.031,0.0,0.365,0.935,0.29,-0.118,0.421,0.063,6.221,0.226,3.0,2.9,a,
487838,Hall,NEW,DEF,5.0,3,2.698,102.531,2.707,0.54,57.263,24.0,,1.0,1.0,0.344,0.745,0.268,0.0,0.099,1.347,0.0,-0.106,0.045,0.102,7.281,0.277,2.833,4.1,a,
544877,Kerkez,LIV,DEF,5.5,0,2.696,102.432,2.706,0.49,59.237,27.0,,,,0.33,0.875,0.104,0.0,0.1,1.394,0.0,-0.107,0.059,0.033,5.858,0.314,2.833,3.5,a,
216055,Florentino,IPS,MID,5.0,0,2.679,101.785,2.679,0.536,55.263,25.0,,,,0.255,0.113,0.73,0.0,0.037,1.3,0.388,-0.145,0.05,0.045,12.202,0.174,3.0,0.1,d,"NEW-CLUB, DOUBT-75%"
482609,Gusto,CHE,DEF,5.0,1,2.656,100.93,2.656,0.531,59.342,26.0,,,,0.47,0.703,0.082,0.0,0.153,1.396,0.0,-0.149,0.061,0.105,5.598,0.252,3.0,1.2,a,
448104,Hincapie,ARS,DEF,5.4,1,2.646,100.552,2.646,0.49,47.026,20.0,,,,0.243,1.096,0.369,0.0,0.145,0.855,0.0,-0.062,0.028,0.076,8.392,0.495,3.0,1.5,a,
184349,Sessegnon,FUL,DEF,4.5,1,2.626,99.806,2.61,0.584,47.789,20.0,,,,0.456,0.546,0.615,0.0,0.163,0.869,0.0,-0.023,0.074,0.08,10.042,0.243,3.333,0.4,a,
122806,McGinn,AVL,MID,5.5,1,2.619,99.514,2.619,0.476,56.211,28.0,,,2.0,0.789,0.158,0.053,0.0,0.142,1.323,0.279,-0.125,0.127,0.163,6.679,0.239,3.0,2.8,a,
575476,Murillo,NFO,DEF,5.5,4,2.615,99.354,2.615,0.475,56.053,25.0,,3.0,,0.187,0.6,0.553,0.0,0.082,1.319,0.0,-0.126,0.037,0.027,9.052,0.227,3.0,1.7,a,
247412,Strand Larsen,CRY,FWD,6.0,1,2.54,96.508,2.54,0.423,60.553,26.0,,,,0.775,0.0,0.001,0.0,0.13,1.425,0.31,-0.101,0.267,0.045,3.864,0.273,3.0,0.5,a,
560262,Kroupi.Jr,BOU,MID,7.5,0,2.52,95.76,2.476,0.336,43.763,21.0,1.0,,,1.177,0.133,0.037,0.0,0.249,0.796,0.247,-0.118,0.365,0.094,6.564,0.257,3.667,0.3,i,PEN
220237,Botman,NEW,DEF,5.0,3,2.463,93.585,2.47,0.493,48.263,21.0,,,,0.29,0.628,0.6,0.0,0.129,0.878,0.0,-0.062,0.078,0.045,9.894,0.277,2.833,0.5,a,
248875,Doku,MCI,MID,7.5,0,2.452,93.188,2.452,0.327,46.658,19.0,4.0,,,0.904,0.21,0.049,0.0,0.286,0.848,0.177,-0.021,0.142,0.254,6.791,0.382,3.0,1.3,i,
201666,Barnes,NEW,MID,6.0,2,2.443,92.849,2.453,0.407,51.342,19.0,,,,0.962,0.167,0.012,0.0,0.19,0.933,0.22,-0.042,0.272,0.126,5.4,0.277,2.833,1.1,a,
470313,Woltemade,NEW,FWD,6.0,0,2.406,91.426,2.414,0.401,49.895,24.0,1.0,,,1.019,0.0,0.005,0.0,0.277,0.907,0.214,-0.017,0.357,0.067,4.852,0.277,2.833,1.6,a,PEN
434752,Bijol,LEE,DEF,5.0,10,2.397,91.081,2.39,0.479,49.684,21.0,,,,0.276,0.587,0.602,0.0,0.13,0.903,0.0,-0.103,0.046,0.04,9.788,0.251,3.167,0.9,a,
485711,Šeško,MUN,FWD,7.0,1,2.396,91.034,2.405,0.342,42.895,17.0,,,,1.104,0.0,0.001,0.0,0.381,0.78,0.184,-0.055,0.505,0.025,3.776,0.271,2.833,1.8,a,
466075,Calafiori,ARS,DEF,5.6,9,2.368,89.974,2.368,0.423,44.658,22.0,,,,0.418,1.041,0.089,0.0,0.127,0.812,0.0,-0.119,0.147,0.044,6.017,0.495,3.0,41.6,a,
232413,Eze,ARS,MID,6.5,1,2.351,89.335,2.351,0.362,49.605,22.0,,3.0,,0.901,0.289,0.031,0.0,0.172,0.902,0.098,-0.042,0.219,0.127,6.267,0.495,3.0,1.8,a,
509416,Ayari,BHA,MID,5.5,2,2.341,88.968,2.341,0.426,50.553,20.0,,2.0,4.0,0.565,0.16,0.351,0.0,0.156,0.919,0.233,-0.042,0.127,0.071,9.926,0.269,3.0,0.6,a,
220627,Justin,LEE,DEF,4.5,10,2.333,88.662,2.325,0.518,49.816,21.0,,,,0.358,0.589,0.402,0.0,0.181,0.906,0.0,-0.103,0.08,0.055,8.468,0.251,3.167,1.1,a,
210462,I.Sangaré,NFO,MID,5.0,2,2.322,88.244,2.322,0.464,54.553,25.0,,,,0.415,0.146,0.506,0.0,0.072,0.992,0.316,-0.124,0.068,0.089,10.776,0.227,3.0,1.0,i,
488024,Yeremy,CRY,MID,5.5,1,2.307,87.665,2.307,0.419,54.579,26.0,,1.0,2.0,0.78,0.175,0.095,0.0,0.089,0.992,0.279,-0.104,0.182,0.234,7.406,0.273,3.0,0.2,a,
586309,Barry,EVE,FWD,5.5,8,2.297,87.298,2.305,0.418,49.947,21.0,2.0,,,0.96,0.0,0.001,0.0,0.227,0.908,0.279,-0.077,0.413,0.028,3.731,0.259,2.833,3.2,a,
225796,James,CHE,DEF,5.5,0,2.289,86.967,2.289,0.416,51.5,20.0,,1.0,1.0,0.498,0.61,0.131,0.0,0.217,0.936,0.0,-0.104,0.05,0.125,6.32,0.252,3.0,10.0,a,
206915,C.Jones,LIV,MID,5.5,0,2.276,86.504,2.282,0.414,50.605,18.0,,,,0.49,0.187,0.409,0.0,0.139,0.92,0.194,-0.062,0.11,0.129,10.347,0.314,2.833,0.0,d,DOUBT-75%
195546,Buendía,AVL,MID,6.0,2,2.238,85.062,2.238,0.373,46.132,21.0,1.0,1.0,3.0,0.701,0.13,0.277,0.0,0.202,0.839,0.229,-0.139,0.163,0.117,9.564,0.239,3.0,1.2,a,PEN
441264,Brobbey,SUN,FWD,6.0,2,2.213,84.082,2.213,0.369,50.526,22.0,,,,0.883,0.0,0.001,0.0,0.278,0.919,0.269,-0.137,0.333,0.036,3.698,0.263,3.0,12.9,a,
59735,Darlow,MUN,GK,4.5,0,2.212,84.062,2.218,0.492,52.105,22.0,,,,0.002,0.665,0.0,0.553,0.075,0.947,0.0,-0.03,0.0,0.002,0.0,0.271,2.833,0.0,a,"NEW-CLUB, GK-RISK"
486385,Beto,EVE,FWD,5.5,1,2.204,83.752,2.212,0.401,40.816,17.0,4.0,,,0.99,0.0,0.005,0.0,0.312,0.742,0.228,-0.073,0.51,0.024,4.96,0.259,2.833,2.4,a,
221632,Romero,TOT,DEF,5.0,0,2.203,83.73,2.203,0.441,49.184,22.0,,,,0.424,0.522,0.487,0.0,0.198,0.894,0.0,-0.322,0.065,0.059,9.061,0.226,3.0,0.2,u,
202993,Bentancur,TOT,MID,5.5,1,2.162,82.153,2.162,0.393,49.474,23.0,,,,0.281,0.131,0.629,0.0,0.104,0.9,0.279,-0.161,0.058,0.061,12.014,0.226,3.0,0.2,a,
249231,Lewis-Potter,BRE,MID,5.5,10,2.09,79.405,2.083,0.38,51.579,22.0,,1.0,,0.636,0.153,0.003,0.0,0.122,0.938,0.28,-0.042,0.136,0.118,4.467,0.252,3.167,1.0,a,
209046,Hudson-Odoi,NFO,MID,6.0,0,2.088,79.355,2.088,0.348,48.368,21.0,,4.0,,0.63,0.129,0.02,0.0,0.171,0.879,0.281,-0.021,0.134,0.143,5.871,0.227,3.0,0.2,a,
435997,Okafor,LEE,MID,6.0,1,2.088,79.335,2.08,0.348,40.868,19.0,,,,0.853,0.121,0.049,0.0,0.212,0.743,0.188,-0.077,0.256,0.09,6.941,0.251,3.167,0.4,a,
532529,Hinshelwood,BHA,MID,6.0,16,2.054,78.049,2.054,0.342,45.684,20.0,,,,0.787,0.145,0.034,0.0,0.069,0.831,0.21,-0.021,0.224,0.123,6.436,0.269,3.0,2.6,d,DOUBT-25%
191866,Ajer,BRE,DEF,4.5,8,2.036,77.353,2.029,0.452,47.5,20.0,,,,0.186,0.564,0.478,0.0,0.045,0.864,0.0,-0.102,0.04,0.041,9.115,0.252,3.167,4.0,a,
166989,Tielemans,MUN,MID,6.0,2,2.013,76.505,2.018,0.336,48.868,21.0,3.0,,,0.423,0.156,0.27,0.0,0.087,0.889,0.21,-0.021,0.074,0.15,9.379,0.271,2.833,2.4,a,NEW-CLUB
180974,Joelinton,NEW,MID,5.5,0,2.013,76.485,2.018,0.366,51.316,23.0,,,,0.441,0.167,0.404,0.0,0.071,0.933,0.22,-0.223,0.114,0.077,10.272,0.277,2.833,0.0,i,
209289,Smith Rowe,FUL,MID,5.5,0,2.012,76.467,2.0,0.366,50.237,22.0,,,,0.612,0.144,0.075,0.0,0.053,0.913,0.257,-0.042,0.2,0.07,7.212,0.243,3.333,0.4,a,
214590,Wan-Bissaka,AVL,DEF,4.5,0,2.012,76.439,2.012,0.447,54.737,23.0,,,,0.177,0.617,0.299,0.0,0.029,0.995,0.0,-0.105,0.013,0.046,7.575,0.239,3.0,0.0,a,NEW-CLUB
167074,Tete,FUL,DEF,4.5,0,2.009,76.352,1.996,0.447,47.132,21.0,,,,0.228,0.539,0.335,0.0,0.112,0.857,0.0,-0.062,0.049,0.068,8.152,0.243,3.333,0.3,a,
433036,Reijnders,MCI,MID,6.0,0,1.976,75.072,1.976,0.329,42.711,19.0,,,,0.747,0.192,0.025,0.0,0.133,0.777,0.162,-0.059,0.222,0.129,6.196,0.382,3.0,0.1,u,
209400,Kamada,CRY,MID,5.0,3,1.966,74.702,1.966,0.393,49.974,22.0,,,4.0,0.407,0.161,0.279,0.0,0.036,0.909,0.256,-0.082,0.09,0.147,9.402,0.273,3.0,0.3,a,
444463,Fofana,CHE,DEF,5.0,0,1.956,74.345,1.956,0.391,45.211,20.0,,,,0.182,0.535,0.577,0.0,0.077,0.822,0.0,-0.237,0.043,0.037,10.001,0.252,3.0,0.0,a,
101188,Digne,AVL,DEF,4.5,0,1.955,74.287,1.955,0.434,48.474,21.0,,,,0.396,0.546,0.101,0.0,0.113,0.881,0.0,-0.082,0.039,0.134,6.065,0.239,3.0,0.1,u,
493362,Xavi,TOT,MID,6.0,0,1.946,73.954,1.946,0.324,45.974,19.0,3.0,2.0,6.0,0.652,0.122,0.102,0.0,0.152,0.836,0.259,-0.178,0.151,0.18,7.748,0.226,3.0,0.0,i,
449871,Onana,AVL,MID,5.0,0,1.943,73.844,1.943,0.389,46.184,21.0,,,,0.343,0.13,0.379,0.0,0.102,0.84,0.229,-0.08,0.097,0.059,10.397,0.239,3.0,0.0,i,
152551,Lerma,CRY,MID,5.0,0,1.942,73.79,1.942,0.388,45.316,18.0,,,,0.417,0.146,0.396,0.0,0.085,0.824,0.232,-0.158,0.105,0.09,10.583,0.273,3.0,0.1,a,
200785,Adams,BOU,MID,5.0,1,1.922,73.052,1.907,0.384,46.553,21.0,,,,0.327,0.141,0.439,0.0,0.086,0.846,0.263,-0.178,0.057,0.056,10.829,0.257,3.667,0.2,a,
550864,Yoro,MUN,DEF,5.0,0,1.919,72.916,1.925,0.384,45.526,18.0,,,,0.202,0.581,0.306,0.0,0.044,0.828,0.0,-0.042,0.067,0.037,8.018,0.271,2.833,0.6,a,
434399,Reinildo,SUN,DEF,4.5,1,1.913,72.694,1.913,0.425,51.737,23.0,,,,0.146,0.639,0.281,0.0,0.131,0.941,0.0,-0.225,0.018,0.034,7.561,0.263,3.0,0.5,a,
166477,Castagne,FUL,DEF,4.5,6,1.909,72.536,1.895,0.424,48.368,20.0,,,,0.272,0.553,0.228,0.0,0.079,0.879,0.0,-0.102,0.069,0.067,7.293,0.243,3.333,0.4,a,
114283,Grealish,MCI,MID,6.5,1,1.902,72.291,1.902,0.293,42.816,18.0,,,,0.589,0.192,0.086,0.0,0.231,0.778,0.162,-0.136,0.118,0.17,7.6,0.382,3.0,0.2,a,NEW-CLUB
60307,Groß,BHA,MID,5.5,2,1.901,72.222,1.901,0.346,43.053,18.0,1.0,1.0,1.0,0.533,0.136,0.111,0.0,0.199,0.783,0.198,-0.059,0.091,0.193,7.972,0.269,3.0,13.0,a,PEN
463067,Georginio,BHA,FWD,5.5,5,1.882,71.515,1.882,0.342,46.737,20.0,,,,0.743,0.0,0.024,0.0,0.106,0.85,0.215,-0.056,0.235,0.123,6.081,0.269,3.0,1.0,d,DOUBT-75%
503301,Hutchinson,NFO,MID,5.5,0,1.878,71.364,1.878,0.341,44.105,17.0,,,4.0,0.593,0.118,0.065,0.0,0.085,0.802,0.256,-0.04,0.114,0.186,7.199,0.227,3.0,0.2,a,
95658,Maguire,MUN,DEF,5.0,1,1.868,70.965,1.874,0.374,43.395,19.0,,,,0.25,0.554,0.303,0.0,0.109,0.789,0.0,-0.138,0.06,0.034,8.106,0.271,2.833,17.1,a,
477424,Gvardiol,MCI,DEF,5.5,9,1.862,70.738,1.862,0.338,36.053,16.0,,,,0.362,0.648,0.149,0.0,0.104,0.656,0.0,-0.058,0.12,0.048,7.062,0.382,3.0,13.5,a,
56979,Henderson,CHE,MID,5.0,0,1.848,70.217,1.848,0.37,50.289,22.0,,,,0.359,0.149,0.175,0.0,0.121,0.914,0.27,-0.142,0.043,0.113,8.461,0.252,3.0,0.0,d,"NEW-CLUB, DOUBT-75%"
220566,Rodrigo,MCI,MID,6.5,0,1.848,70.215,1.848,0.284,39.737,17.0,,,,0.344,0.179,0.399,0.0,0.13,0.722,0.151,-0.077,0.086,0.14,11.049,0.382,3.0,0.0,u,
212314,Lukić,IPS,MID,5.0,5,1.84,69.937,1.84,0.368,45.526,20.0,,,4.0,0.471,0.093,0.223,0.0,0.102,0.828,0.32,-0.197,0.12,0.106,9.118,0.174,3.0,0.1,a,NEW-CLUB
651426,Canvot,CRY,DEF,5.0,1,1.818,69.081,1.818,0.364,35.026,14.0,,,,0.166,0.45,0.475,0.0,0.165,0.637,0.0,-0.075,0.087,0.032,10.28,0.273,3.0,0.3,a,
232859,Spence,TOT,DEF,4.5,0,1.807,68.683,1.807,0.402,53.921,23.0,,,,0.197,0.572,0.082,0.0,0.081,0.98,0.0,-0.105,0.044,0.072,5.693,0.226,3.0,0.5,u,
460842,Kudus,TOT,MID,6.5,0,1.774,67.42,1.774,0.273,40.395,19.0,2.0,3.0,5.0,0.539,0.107,0.096,0.0,0.147,0.734,0.228,-0.077,0.118,0.137,7.843,0.226,3.0,0.1,d,DOUBT-50%
451340,Mitoma,BHA,MID,6.0,0,1.761,66.902,1.761,0.293,45.105,19.0,,,,0.613,0.143,0.027,0.0,0.068,0.82,0.207,-0.119,0.191,0.139,6.225,0.269,3.0,0.0,i,
75115,Wilson,BRE,FWD,5.5,1,1.748,66.421,1.741,0.318,32.474,11.0,,,,0.843,0.0,0.0,0.0,0.171,0.59,0.176,-0.033,0.535,0.043,3.462,0.252,3.167,0.4,a,NEW-CLUB
465730,De Cuyper,BHA,DEF,4.6,17,1.743,66.252,1.743,0.379,36.947,17.0,,4.0,2.0,0.46,0.468,0.034,0.0,0.167,0.672,0.0,-0.058,0.092,0.199,5.19,0.269,3.0,7.8,a,
578153,Khusanov,MCI,DEF,5.5,2,1.741,66.145,1.741,0.316,37.553,15.0,,,,0.144,0.675,0.224,0.0,0.074,0.683,0.0,-0.058,0.046,0.07,7.751,0.382,3.0,1.7,a,
114243,J.Murphy,NEW,MID,6.0,0,1.728,65.664,1.734,0.288,42.263,19.0,,,2.0,0.567,0.137,0.017,0.0,0.116,0.768,0.181,-0.059,0.161,0.143,5.836,0.277,2.833,0.2,a,
549912,Talbi,SUN,MID,5.5,1,1.714,65.131,1.714,0.312,40.868,16.0,,,,0.496,0.126,0.021,0.0,0.131,0.743,0.218,-0.02,0.125,0.085,6.063,0.263,3.0,0.2,a,
482442,P.M.Sarr,TOT,MID,4.9,0,1.707,64.85,1.707,0.348,36.526,13.0,,,,0.42,0.097,0.329,0.0,0.065,0.664,0.206,-0.075,0.113,0.088,10.686,0.226,3.0,0.2,i,
547719,L.Miley,NEW,MID,5.5,3,1.692,64.294,1.696,0.308,39.289,15.0,,,3.0,0.41,0.128,0.177,0.0,0.114,0.714,0.169,-0.02,0.096,0.126,8.946,0.277,2.833,0.1,a,
169528,Robinson,FUL,DEF,4.5,1,1.684,64.005,1.673,0.374,39.132,17.0,2.0,,,0.231,0.447,0.271,0.0,0.138,0.711,0.0,-0.115,0.063,0.084,8.089,0.243,3.333,1.7,a,
516895,Mainoo,MUN,MID,5.5,1,1.684,64.001,1.688,0.306,43.5,16.0,,,,0.296,0.139,0.264,0.0,0.068,0.791,0.187,-0.059,0.054,0.084,9.589,0.271,2.833,1.0,a,
441302,Maatsen,AVL,DEF,4.5,0,1.676,63.688,1.676,0.372,41.842,17.0,,,,0.254,0.471,0.207,0.0,0.043,0.761,0.0,-0.06,0.067,0.113,7.38,0.239,3.0,0.7,a,
596777,Dorgu,MUN,MID,6.0,0,1.668,63.4,1.674,0.278,37.895,15.0,,,,0.566,0.121,0.035,0.0,0.207,0.689,0.163,-0.113,0.144,0.118,6.664,0.271,2.833,1.1,a,
135720,Danso,TOT,DEF,5.0,0,1.667,63.337,1.667,0.333,39.184,17.0,,,,0.112,0.416,0.555,0.0,0.043,0.712,0.0,-0.172,0.043,0.027,10.494,0.226,3.0,0.2,a,
204580,Janelt,BRE,MID,5.0,9,1.659,63.042,1.655,0.332,37.737,15.0,,,4.0,0.381,0.112,0.315,0.0,0.128,0.686,0.205,-0.168,0.075,0.138,10.445,0.252,3.167,0.4,a,
244954,Pau,AVL,DEF,4.5,0,1.656,62.929,1.656,0.368,44.026,18.0,,,,0.216,0.496,0.125,0.0,0.06,0.8,0.0,-0.042,0.068,0.03,6.477,0.239,3.0,0.4,a,
511499,Tel,TOT,MID,6.0,2,1.638,62.246,1.638,0.273,35.105,13.0,,4.0,4.0,0.533,0.093,0.072,0.0,0.141,0.638,0.198,-0.038,0.155,0.152,7.634,0.226,3.0,0.5,a,
465694,N.Gonzalez,MCI,MID,5.5,0,1.637,62.224,1.637,0.298,41.079,17.0,,,,0.252,0.185,0.382,0.0,0.051,0.747,0.156,-0.135,0.065,0.082,10.789,0.382,3.0,0.2,a,
159506,Aina,NFO,DEF,4.5,5,1.617,61.442,1.617,0.359,41.763,18.0,,,,0.165,0.447,0.217,0.0,0.108,0.759,0.0,-0.079,0.033,0.049,7.472,0.227,3.0,3.5,a,
242898,Johnson,EVE,MID,6.0,1,1.614,61.343,1.619,0.269,45.0,19.0,,,,0.431,0.137,0.047,0.0,0.068,0.818,0.251,-0.138,0.129,0.084,6.781,0.259,2.833,0.2,a,NEW-CLUB
535301,Baleba,MUN,MID,5.0,0,1.607,61.049,1.609,0.321,43.316,23.0,,,,0.209,0.138,0.368,0.0,0.035,0.788,0.186,-0.117,0.066,0.063,10.501,0.271,2.833,0.2,i,NEW-CLUB
184029,Ødegaard,ARS,MID,6.6,11,1.582,60.119,1.582,0.24,35.868,16.0,3.0,,4.0,0.51,0.209,0.049,0.0,0.111,0.652,0.071,-0.02,0.097,0.206,7.109,0.495,3.0,11.5,a,
174594,Nmecha,LEE,FWD,5.5,0,1.575,59.832,1.568,0.286,28.026,10.0,2.0,,,0.772,0.0,0.002,0.0,0.176,0.51,0.129,-0.014,0.57,0.103,4.678,0.251,3.167,0.5,a,
547701,Gray,TOT,MID,5.0,2,1.527,58.02,1.527,0.305,38.711,18.0,,,,0.382,0.103,0.105,0.0,0.129,0.704,0.218,-0.114,0.103,0.093,8.042,0.226,3.0,0.2,a,
201595,Perri,LEE,GK,4.5,0,1.514,57.527,1.51,0.336,37.895,16.0,,,,0.0,0.448,0.0,0.354,0.069,0.689,0.0,-0.046,0.0,0.001,0.0,0.251,3.167,0.6,a,GK-RISK
547027,Diarra,SUN,MID,5.5,1,1.496,56.854,1.496,0.272,36.921,15.0,1.0,,,0.548,0.114,0.016,0.0,0.08,0.671,0.197,-0.131,0.186,0.076,5.933,0.263,3.0,0.1,a,PEN
437505,Isidor,SUN,FWD,5.5,1,1.495,56.805,1.495,0.272,30.211,11.0,,,,0.649,0.0,0.001,0.0,0.166,0.549,0.161,-0.032,0.412,0.037,4.147,0.263,3.0,0.9,a,
485047,Morato,NFO,DEF,5.0,0,1.492,56.709,1.492,0.298,35.263,14.0,,,,0.194,0.377,0.35,0.0,0.041,0.641,0.0,-0.112,0.079,0.023,9.073,0.227,3.0,0.0,a,
490094,Iroegbunam,EVE,MID,5.0,0,1.489,56.572,1.492,0.298,38.868,17.0,,,,0.256,0.118,0.329,0.0,0.05,0.707,0.217,-0.189,0.061,0.067,10.488,0.259,2.833,0.0,i,
248056,Tanaka,LEE,MID,5.0,0,1.484,56.392,1.48,0.297,34.395,14.0,,,4.0,0.347,0.102,0.196,0.0,0.094,0.625,0.158,-0.038,0.109,0.105,9.441,0.251,3.167,0.2,a,
232653,J.Ramsey,NEW,MID,5.0,0,1.483,56.37,1.488,0.297,37.921,15.0,,,,0.39,0.123,0.168,0.0,0.081,0.689,0.163,-0.132,0.091,0.101,8.91,0.277,2.833,0.4,a,
111317,Brooks,BOU,MID,5.0,0,1.479,56.201,1.455,0.296,31.263,13.0,,3.0,4.0,0.636,0.095,0.054,0.0,0.091,0.568,0.176,-0.141,0.336,0.214,7.402,0.257,3.667,0.1,a,
226944,Kamara,AVL,MID,5.0,2,1.464,55.622,1.464,0.293,37.105,17.0,,,,0.293,0.105,0.176,0.0,0.143,0.675,0.184,-0.112,0.063,0.075,9.047,0.239,3.0,0.3,a,
209365,De Ligt,MUN,DEF,5.0,0,1.453,55.211,1.458,0.291,30.789,13.0,,,,0.211,0.393,0.211,0.0,0.099,0.56,0.0,-0.02,0.09,0.06,8.063,0.271,2.833,0.0,i,
493105,Garnacho,AVL,MID,6.0,1,1.452,55.164,1.452,0.242,33.184,14.0,,,,0.552,0.093,0.016,0.0,0.078,0.603,0.165,-0.055,0.208,0.219,5.999,0.239,3.0,0.6,a,NEW-CLUB
149484,Mings,AVL,DEF,4.5,1,1.428,54.258,1.428,0.317,34.789,15.0,,,,0.179,0.392,0.176,0.0,0.087,0.633,0.0,-0.039,0.079,0.036,7.425,0.239,3.0,0.4,a,
195384,Merino,ARS,MID,6.0,1,1.426,54.191,1.426,0.238,26.947,10.0,,,,0.522,0.157,0.138,0.0,0.101,0.49,0.053,-0.035,0.234,0.127,9.202,0.495,3.0,0.6,a,
489888,Adli,BOU,MID,5.0,0,1.402,53.261,1.384,0.28,28.263,10.0,,,,0.444,0.086,0.162,0.0,0.088,0.514,0.159,-0.052,0.187,0.132,9.465,0.257,3.667,0.0,i,
248857,Madueke,ARS,MID,6.4,1,1.397,53.067,1.397,0.218,31.711,16.0,,,6.0,0.408,0.185,0.017,0.0,0.166,0.577,0.062,-0.019,0.105,0.185,6.135,0.495,3.0,0.3,a,
108413,Hughes,CRY,MID,4.5,0,1.395,53.0,1.395,0.31,41.053,19.0,,,3.0,0.289,0.132,0.136,0.0,0.034,0.746,0.21,-0.154,0.082,0.116,8.377,0.273,3.0,10.9,a,
499604,Rayan,BOU,MID,6.5,2,1.392,52.88,1.371,0.214,29.211,13.0,,,,0.528,0.088,0.04,0.0,0.075,0.531,0.165,-0.036,0.186,0.141,7.108,0.257,3.667,2.8,a,
242882,Diakité,BOU,DEF,5.0,0,1.332,50.62,1.316,0.266,33.553,15.0,,,,0.065,0.406,0.233,0.0,0.056,0.61,0.0,-0.038,0.019,0.026,8.091,0.257,3.667,0.2,a,
577725,King,FUL,MID,5.5,7,1.328,50.481,1.32,0.242,33.947,15.0,,,,0.384,0.097,0.069,0.0,0.078,0.617,0.174,-0.091,0.159,0.072,7.621,0.243,3.333,0.5,a,
250199,Dominguez,NFO,MID,5.0,0,1.323,50.289,1.323,0.265,30.737,17.0,,,,0.282,0.082,0.218,0.0,0.076,0.559,0.178,-0.071,0.119,0.082,9.98,0.227,3.0,0.1,a,
500040,Mosquera,ARS,DEF,5.5,6,1.305,49.572,1.305,0.237,25.947,9.0,,,,0.078,0.605,0.197,0.0,0.037,0.472,0.0,-0.084,0.027,0.056,8.317,0.495,3.0,5.8,a,
448514,Aït-Nouri,MCI,DEF,5.5,0,1.292,49.087,1.292,0.235,25.553,12.0,,,,0.182,0.459,0.09,0.0,0.148,0.465,0.0,-0.051,0.052,0.136,6.793,0.382,3.0,0.8,a,
441191,Livramento,NEW,DEF,5.0,0,1.288,48.928,1.292,0.258,34.895,14.0,,,,0.118,0.454,0.048,0.0,0.072,0.634,0.0,-0.039,0.024,0.058,5.587,0.277,2.833,0.0,i,
119471,Schär,NEW,DEF,5.0,1,1.281,48.696,1.286,0.256,28.658,11.0,,2.0,,0.133,0.373,0.267,0.0,0.024,0.521,0.0,-0.036,0.072,0.051,8.876,0.277,2.833,0.3,a,
221820,Martinez,MUN,DEF,5.0,0,1.272,48.333,1.276,0.254,32.342,13.0,,,,0.086,0.413,0.188,0.0,0.07,0.588,0.0,-0.073,0.026,0.047,7.704,0.271,2.833,1.3,a,
444145,Martinelli,ARS,MID,6.4,0,1.271,48.302,1.271,0.199,28.026,11.0,,,,0.502,0.163,0.036,0.0,0.073,0.51,0.055,-0.069,0.27,0.114,7.03,0.495,3.0,0.2,a,
532605,Andrey Santos,MUN,MID,5.0,2,1.27,48.266,1.274,0.254,32.816,13.0,,,,0.298,0.105,0.143,0.0,0.077,0.597,0.141,-0.09,0.14,0.084,8.871,0.271,2.833,1.0,a,NEW-CLUB
538207,Osula,NEW,FWD,6.0,4,1.268,48.171,1.273,0.211,21.184,8.0,2.0,,,0.582,0.0,0.0,0.0,0.222,0.385,0.091,-0.013,0.485,0.061,3.879,0.277,2.833,1.0,i,
232787,Gallagher,TOT,MID,5.5,0,1.254,47.668,1.254,0.228,31.132,14.0,,,,0.268,0.083,0.14,0.0,0.076,0.566,0.176,-0.054,0.106,0.078,8.937,0.226,3.0,0.3,a,
486520,Gruev,LEE,MID,5.0,0,1.251,47.553,1.248,0.25,34.684,15.0,,,,0.272,0.103,0.082,0.0,0.079,0.631,0.16,-0.074,0.064,0.08,7.839,0.251,3.167,0.0,i,
433154,McNeil,CRY,MID,5.5,2,1.24,47.127,1.24,0.225,30.553,14.0,,,,0.318,0.098,0.102,0.0,0.046,0.556,0.156,-0.036,0.114,0.141,8.384,0.273,3.0,0.2,a,NEW-CLUB
456512,Ndoye,NFO,MID,5.5,3,1.238,47.038,1.238,0.225,30.711,14.0,,,,0.304,0.082,0.061,0.0,0.091,0.558,0.178,-0.036,0.098,0.12,7.592,0.227,3.0,0.4,a,
220362,Disasi,CHE,DEF,4.5,0,1.237,46.997,1.237,0.275,33.0,14.0,,,,0.129,0.391,0.115,0.0,0.04,0.6,0.0,-0.038,0.072,0.019,6.775,0.252,3.0,0.1,a,NEW-CLUB
469272,Tchaouna,COV,MID,5.5,2,1.234,46.889,1.231,0.224,33.132,14.0,,,,0.339,0.068,0.014,0.0,0.032,0.602,0.233,-0.055,0.104,0.085,5.909,0.174,3.167,0.2,a,NEW-CLUB
180135,Longstaff,LEE,MID,5.0,1,1.2,45.611,1.197,0.24,26.395,10.0,,2.0,3.0,0.34,0.078,0.132,0.0,0.1,0.48,0.121,-0.051,0.118,0.152,9.154,0.251,3.167,0.1,a,
449434,Elanga,NEW,MID,6.0,9,1.197,45.476,1.2,0.199,34.263,14.0,,,4.0,0.297,0.111,0.005,0.0,0.033,0.623,0.147,-0.019,0.119,0.122,5.113,0.277,2.833,2.0,a,
194010,Henry,BRE,DEF,4.5,0,1.194,45.387,1.19,0.265,34.789,14.0,,,,0.131,0.413,0.048,0.0,0.026,0.633,0.0,-0.057,0.026,0.042,5.599,0.252,3.167,0.2,a,
122798,Robertson,TOT,DEF,4.5,3,1.194,45.359,1.194,0.265,30.658,11.0,,,3.0,0.211,0.325,0.036,0.0,0.084,0.557,0.0,-0.02,0.076,0.09,5.434,0.226,3.0,3.8,a,NEW-CLUB
463034,Delap,CHE,FWD,5.5,0,1.184,44.974,1.184,0.215,28.737,12.0,4.0,,,0.511,0.0,0.0,0.0,0.077,0.522,0.155,-0.082,0.417,0.03,3.806,0.252,3.0,0.5,a,
154566,Solanke,TOT,FWD,6.0,1,1.169,44.408,1.169,0.195,26.237,11.0,1.0,,,0.449,0.0,0.008,0.0,0.116,0.477,0.148,-0.03,0.353,0.038,5.667,0.226,3.0,1.3,a,PEN
184341,Mount,MUN,MID,5.5,0,1.15,43.713,1.154,0.209,26.579,12.0,,3.0,,0.343,0.085,0.104,0.0,0.072,0.483,0.114,-0.051,0.136,0.138,8.667,0.271,2.833,0.0,d,DOUBT-75%
60689,Wood,NFO,FWD,6.0,1,1.144,43.48,1.144,0.191,23.579,11.0,1.0,,,0.48,0.0,0.0,0.0,0.112,0.429,0.137,-0.013,0.456,0.039,3.522,0.227,3.0,1.6,a,PEN
216094,Frimpong,LIV,DEF,5.5,0,1.138,43.241,1.143,0.207,27.158,12.0,,,,0.23,0.401,0.011,0.0,0.038,0.494,0.0,-0.036,0.049,0.105,4.498,0.314,2.833,3.4,a,
158499,Christie,BOU,MID,5.0,0,1.133,43.063,1.12,0.227,25.737,9.0,,,6.0,0.314,0.078,0.186,0.0,0.057,0.468,0.145,-0.115,0.153,0.093,10.041,0.257,3.667,0.0,a,
487053,Udogie,TOT,DEF,4.5,1,1.123,42.659,1.123,0.249,35.132,14.0,,,,0.116,0.373,0.047,0.0,0.041,0.639,0.0,-0.093,0.026,0.05,5.562,0.226,3.0,0.5,a,
230001,Mazraoui,MUN,DEF,4.5,1,1.103,41.932,1.107,0.245,25.711,11.0,,,,0.074,0.328,0.195,0.0,0.106,0.467,0.0,-0.068,0.033,0.04,8.308,0.271,2.833,0.7,a,
550839,Odobert,TOT,MID,5.5,0,1.103,41.923,1.103,0.201,25.579,10.0,,,,0.285,0.068,0.046,0.0,0.112,0.465,0.144,-0.018,0.16,0.117,7.446,0.226,3.0,0.0,i,
244042,Muniz,FUL,FWD,5.5,1,1.085,41.211,1.077,0.197,25.974,10.0,,,,0.422,0.0,0.002,0.0,0.102,0.472,0.133,-0.047,0.374,0.027,4.625,0.243,3.333,0.6,a,
560552,Kevin,FUL,MID,5.5,1,1.079,41.006,1.073,0.196,27.105,9.0,,,3.0,0.317,0.077,0.057,0.0,0.03,0.493,0.139,-0.035,0.115,0.128,7.678,0.243,3.333,0.1,a,
624773,Estêvão,CHE,MID,6.5,1,1.068,40.591,1.068,0.164,22.079,12.0,3.0,,5.0,0.457,0.065,0.024,0.0,0.08,0.401,0.119,-0.078,0.236,0.186,6.82,0.252,3.0,1.1,a,
449027,Mamardashvili,LIV,GK,5.0,0,1.064,40.444,1.067,0.213,22.816,10.0,,,,0.0,0.337,0.0,0.275,0.044,0.415,0.0,-0.007,0.0,0.001,0.0,0.314,2.833,0.2,a,GK-RISK
606745,Heaven,MUN,DEF,4.5,1,1.06,40.273,1.063,0.236,24.211,11.0,,,,0.095,0.309,0.202,0.0,0.063,0.44,0.0,-0.05,0.043,0.032,8.56,0.271,2.833,0.4,a,
551210,Hato,CHE,DEF,4.5,1,1.059,40.26,1.059,0.235,29.974,12.0,,,,0.093,0.355,0.182,0.0,0.024,0.545,0.0,-0.14,0.035,0.05,7.793,0.252,3.0,0.5,a,
54469,Smith,BOU,DEF,4.5,1,1.053,40.008,1.038,0.234,28.237,14.0,,,,0.102,0.342,0.084,0.0,0.081,0.513,0.0,-0.07,0.021,0.032,6.54,0.257,3.667,0.1,a,
88894,Barkley,AVL,MID,5.0,2,1.041,39.557,1.041,0.208,22.211,7.0,,,4.0,0.348,0.063,0.055,0.0,0.093,0.404,0.11,-0.032,0.153,0.131,7.919,0.239,3.0,0.2,a,
477555,Bobb,FUL,MID,5.5,2,1.038,39.446,1.032,0.189,27.105,11.0,,,2.0,0.296,0.077,0.038,0.0,0.03,0.493,0.139,-0.035,0.129,0.162,7.125,0.243,3.333,0.3,a,
500151,Savona,NFO,DEF,4.5,0,1.031,39.193,1.031,0.229,26.974,11.0,,,,0.227,0.289,0.054,0.0,0.024,0.49,0.0,-0.052,0.095,0.045,6.013,0.227,3.0,0.0,i,
246301,J.Cuenca,FUL,DEF,4.5,3,1.026,38.99,1.02,0.228,24.605,11.0,,,,0.07,0.281,0.305,0.0,0.036,0.447,0.0,-0.115,0.025,0.052,9.884,0.243,3.333,0.0,a,
232112,Ugarte,MUN,MID,5.0,0,1.023,38.891,1.025,0.205,23.053,8.0,,,,0.151,0.074,0.285,0.0,0.028,0.419,0.099,-0.032,0.097,0.061,11.893,0.271,2.833,0.0,i,
485337,Guessand,CRY,MID,5.5,1,1.015,38.564,1.015,0.185,23.921,9.0,,,,0.301,0.077,0.068,0.0,0.029,0.435,0.122,-0.017,0.145,0.101,8.114,0.273,3.0,0.0,a,
222683,Kluivert,BOU,MID,6.0,3,1.005,38.184,0.991,0.167,24.868,10.0,2.0,2.0,3.0,0.337,0.075,0.028,0.0,0.07,0.452,0.14,-0.098,0.185,0.139,6.877,0.257,3.667,1.2,a,
155408,Cook,BOU,MID,5.0,3,1.004,38.146,0.997,0.201,22.947,8.0,,,5.0,0.149,0.069,0.29,0.0,0.028,0.417,0.129,-0.079,0.057,0.083,11.987,0.257,3.667,0.2,a,
198869,White,ARS,DEF,5.5,11,0.991,37.663,0.991,0.18,18.395,9.0,,,,0.103,0.429,0.084,0.0,0.056,0.334,0.0,-0.016,0.058,0.073,7.245,0.495,3.0,6.6,a,
570526,Bergvall,TOT,MID,5.5,1,0.976,37.081,0.976,0.177,25.132,11.0,,,,0.279,0.067,0.052,0.0,0.029,0.457,0.142,-0.05,0.122,0.074,7.643,0.226,3.0,0.2,a,
492777,Bradley,LIV,DEF,5.0,0,0.971,36.887,0.975,0.194,24.421,12.0,,,,0.125,0.361,0.09,0.0,0.05,0.444,0.0,-0.098,0.033,0.07,6.866,0.314,2.833,0.0,i,
200089,Willock,NEW,MID,5.0,6,0.943,35.851,0.946,0.189,25.579,10.0,,,,0.249,0.083,0.073,0.0,0.029,0.465,0.11,-0.066,0.122,0.109,8.133,0.277,2.833,0.2,a,
109646,Tosin,CHE,DEF,4.5,0,0.929,35.308,0.929,0.206,20.737,8.0,,,,0.065,0.246,0.242,0.0,0.047,0.377,0.0,-0.047,0.032,0.049,9.634,0.252,3.0,0.2,a,
510281,Sávio,TOT,MID,6.5,0,0.926,35.181,0.926,0.142,21.5,7.0,,,,0.333,0.057,0.03,0.0,0.04,0.391,0.121,-0.047,0.214,0.154,7.117,0.226,3.0,0.7,a,NEW-CLUB
204120,Boscagli,BHA,DEF,4.5,6,0.917,34.854,0.917,0.204,21.026,9.0,,,,0.082,0.266,0.161,0.0,0.072,0.382,0.0,-0.047,0.028,0.053,8.336,0.269,3.0,0.3,a,
438234,Marmoush,MCI,FWD,7.0,0,0.899,34.164,0.899,0.128,18.184,8.0,2.0,2.0,,0.44,0.0,0.002,0.0,0.112,0.331,0.069,-0.054,0.424,0.077,4.779,0.382,3.0,1.1,a,
184667,Lindelöf,AVL,DEF,4.5,-2,0.881,33.466,0.881,0.196,24.789,11.0,,,,0.091,0.279,0.056,0.0,0.023,0.451,0.0,-0.018,0.039,0.027,6.162,0.239,3.0,0.3,a,
219168,Isak,LIV,FWD,9.0,2,0.874,33.215,0.877,0.097,18.263,8.0,2.0,,,0.383,0.0,0.001,0.0,0.1,0.332,0.07,-0.012,0.409,0.029,4.142,0.314,2.833,16.5,a,
489706,Devenny,CRY,MID,5.0,0,0.872,33.123,0.872,0.174,20.658,7.0,3.0,2.0,,0.254,0.066,0.059,0.0,0.027,0.376,0.106,-0.016,0.211,0.08,8.126,0.273,3.0,0.0,a,
515597,Bogarde,AVL,MID,5.0,1,0.84,31.904,0.84,0.168,27.421,11.0,,,,0.126,0.077,0.016,0.0,0.087,0.499,0.136,-0.102,0.048,0.057,6.196,0.239,3.0,0.1,a,
219924,Diop,IPS,DEF,4.0,2,0.8,30.418,0.8,0.2,21.368,8.0,,,,0.13,0.175,0.094,0.0,0.06,0.389,0.0,-0.048,0.075,0.026,7.175,0.174,3.0,17.1,a,NEW-CLUB
554197,Rigg,SUN,MID,5.0,1,0.786,29.87,0.786,0.157,19.947,11.0,,,,0.215,0.062,0.032,0.0,0.039,0.363,0.106,-0.031,0.115,0.117,7.293,0.263,3.0,0.1,a,
480455,Branthwaite,EVE,DEF,5.5,6,0.784,29.804,0.787,0.143,17.842,7.0,,,,0.115,0.217,0.138,0.0,0.02,0.324,0.0,-0.03,0.051,0.033,8.35,0.259,2.833,1.8,a,
458249,Zirkzee,MUN,FWD,5.5,0,0.778,29.549,0.781,0.141,15.974,5.0,,,,0.349,0.0,0.004,0.0,0.116,0.29,0.069,-0.051,0.45,0.05,5.484,0.271,2.833,0.5,a,
76357,Cairney,FUL,MID,5.0,0,0.778,29.546,0.773,0.156,19.895,6.0,,,,0.239,0.057,0.039,0.0,0.039,0.362,0.102,-0.06,0.138,0.11,7.57,0.243,3.333,0.0,i,
513466,Röhl,EVE,MID,5.0,3,0.757,28.751,0.759,0.151,17.763,6.0,,,,0.182,0.054,0.065,0.0,0.049,0.323,0.099,-0.015,0.109,0.084,8.545,0.259,2.833,0.1,a,
577016,Acheampong,CHE,DEF,4.5,3,0.742,28.187,0.742,0.165,17.289,8.0,,,,0.112,0.205,0.063,0.0,0.078,0.314,0.0,-0.03,0.072,0.035,6.843,0.252,3.0,0.4,a,
502697,Alcaraz,EVE,MID,5.0,1,0.683,25.946,0.685,0.137,17.868,6.0,,,,0.18,0.054,0.069,0.0,0.025,0.325,0.1,-0.071,0.144,0.097,8.659,0.259,2.833,0.1,a,
472713,Hickey,BRE,DEF,4.5,1,0.68,25.822,0.677,0.151,17.868,8.0,,,,0.072,0.212,0.081,0.0,0.02,0.325,0.0,-0.03,0.058,0.037,7.218,0.252,3.167,0.1,a,
535818,Adingra,SUN,MID,5.0,0,0.666,25.315,0.666,0.133,17.079,9.0,,,,0.172,0.053,0.023,0.0,0.06,0.311,0.091,-0.042,0.088,0.105,7.065,0.263,3.0,0.1,i,
204968,Yates,NFO,MID,4.5,0,0.626,23.771,0.626,0.139,15.842,2.0,,,,0.155,0.042,0.079,0.0,0.024,0.288,0.092,-0.054,0.102,0.091,9.138,0.227,3.0,1.4,a,
485055,Kinsky,TOT,GK,4.5,2,0.604,22.957,0.604,0.134,16.579,7.0,,,,0.0,0.176,0.0,0.131,0.016,0.301,0.0,-0.02,0.0,0.001,0.0,0.226,3.0,22.8,a,
499169,Lewis-Skelly,ARS,MID,5.5,3,0.56,21.269,0.56,0.102,18.342,5.0,,,,0.111,0.107,0.004,0.0,0.026,0.333,0.036,-0.058,0.067,0.072,5.416,0.495,3.0,0.7,a,
